Image,Rating
./Anacsen/Anacsen (19).jpg,Anacsen
./Qzime/Qzime (9).jpg,Qzime
./Hetomasin/Hetomasin (18).jpg,Hetomasin
./Bearoze/Bearoze (11).jpg,Bearoze
./Socncool/Socncool (2).jpg,Socncool
./MayQueen/MayQueen (25).jpg,MayQueen
./Qzime/Qzime (3).jpg,Qzime
./Bearoze/Bearoze (14).jpg,Bearoze
./Qzime/Qzime (14).jpg,Qzime
./Cospen/Cospen (14).jpg,Cospen
./Jungrohwan/Jungrohwan (18).jpg,Jungrohwan
./Hipen/Hipen (14).jpg,Hipen
./Hipen/Hipen (3).jpg,Hipen
./Ropeberon/Ropeberon (18).jpg,Ropeberon
./Cleardin/Cleardin (12).jpg,Cleardin
./Benfobel/Benfobel (25).jpg,Benfobel
./OmecopeS/OmecopeS (12).jpg,OmecopeS
./Iveda/Iveda (7).jpg,Iveda
./Benfobel/Benfobel (9).jpg,Benfobel
./Iveda/Iveda (6).jpg,Iveda
./Jungrohwan/Jungrohwan (1).jpg,Jungrohwan
./Tanasen/Tanasen (2).jpg,Tanasen
./Jungrohwan/Jungrohwan (10).jpg,Jungrohwan
./Cospen/Cospen (24).jpg,Cospen
./Ropeberon/Ropeberon (24).jpg,Ropeberon
./Krabutin/Krabutin (14).jpg,Krabutin
./Hipen/Hipen (9).jpg,Hipen
./Bearoze/Bearoze (24).jpg,Bearoze
./Socncool/Socncool (22).jpg,Socncool
./Jungrohwan/Jungrohwan (8).jpg,Jungrohwan
./Naprocsen/Naprocsen (4).jpg,Naprocsen
./HavenU/HavenU (1).jpg,HavenU
./Ropeberon/Ropeberon (10).jpg,Ropeberon
./MayQueen/MayQueen (14).jpg,MayQueen
./Tanasen/Tanasen (24).jpg,Tanasen
./Diarofen/Diarofen (4).jpg,Diarofen
./Anacsen/Anacsen (25).jpg,Anacsen
./MayQueen/MayQueen (8).jpg,MayQueen
./Tanasen/Tanasen (8).jpg,Tanasen
./Pamecone/Pamecone (21).jpg,Pamecone
./Krabutin/Krabutin (7).jpg,Krabutin
./Qzime/Qzime (12).jpg,Qzime
./Socncool/Socncool (24).jpg,Socncool
./OmecopeS/OmecopeS (5).jpg,OmecopeS
./Diarofen/Diarofen (18).jpg,Diarofen
./OmecopeS/OmecopeS (24).jpg,OmecopeS
./HavenU/HavenU (22).jpg,HavenU
./Socncool/Socncool (13).jpg,Socncool
./Hetomasin/Hetomasin (4).jpg,Hetomasin
./Hipen/Hipen (4).jpg,Hipen
./Tanasen/Tanasen (18).jpg,Tanasen
./MayQueen/MayQueen (1).jpg,MayQueen
./Ropeberon/Ropeberon (16).jpg,Ropeberon
./Iveda/Iveda (1).jpg,Iveda
./Naprocsen/Naprocsen (2).jpg,Naprocsen
./Pamecone/Pamecone (3).jpg,Pamecone
./Cospen/Cospen (5).jpg,Cospen
./Hipen/Hipen (13).jpg,Hipen
./Jungrohwan/Jungrohwan (13).jpg,Jungrohwan
./Hetomasin/Hetomasin (21).jpg,Hetomasin
./Krabutin/Krabutin (13).jpg,Krabutin
./Ropeberon/Ropeberon (6).jpg,Ropeberon
./Anacsen/Anacsen (17).jpg,Anacsen
./Benfobel/Benfobel (22).jpg,Benfobel
./Naprocsen/Naprocsen (23).jpg,Naprocsen
./Hetomasin/Hetomasin (13).jpg,Hetomasin
./Jungrohwan/Jungrohwan (15).jpg,Jungrohwan
./Gnalen/Gnalen (15).jpg,Gnalen
./Socncool/Socncool (12).jpg,Socncool
./Bearoze/Bearoze (23).jpg,Bearoze
./Pieon/Pieon (18).jpg,Pieon
./Pamecone/Pamecone (24).jpg,Pamecone
./Qzime/Qzime (5).jpg,Qzime
./Anacsen/Anacsen (18).jpg,Anacsen
./Bearoze/Bearoze (4).jpg,Bearoze
./Hetomasin/Hetomasin (11).jpg,Hetomasin
./Benfobel/Benfobel (15).jpg,Benfobel
./Jungrohwan/Jungrohwan (3).jpg,Jungrohwan
./Ropeberon/Ropeberon (25).jpg,Ropeberon
./Naprocsen/Naprocsen (20).jpg,Naprocsen
./Krabutin/Krabutin (4).jpg,Krabutin
./Cleardin/Cleardin (19).jpg,Cleardin
./OmecopeS/OmecopeS (13).jpg,OmecopeS
./Qzime/Qzime (16).jpg,Qzime
./HavenU/HavenU (15).jpg,HavenU
./Bearoze/Bearoze (21).jpg,Bearoze
./Anacsen/Anacsen (9).jpg,Anacsen
./HavenU/HavenU (25).jpg,HavenU
./Tanasen/Tanasen (21).jpg,Tanasen
./Gnalen/Gnalen (24).jpg,Gnalen
./Gnalen/Gnalen (13).jpg,Gnalen
./Diarofen/Diarofen (8).jpg,Diarofen
./Jungrohwan/Jungrohwan (19).jpg,Jungrohwan
./Krabutin/Krabutin (23).jpg,Krabutin
./Cleardin/Cleardin (25).jpg,Cleardin
./Gnalen/Gnalen (10).jpg,Gnalen
./Pamecone/Pamecone (1).jpg,Pamecone
./OmecopeS/OmecopeS (9).jpg,OmecopeS
./Hipen/Hipen (20).jpg,Hipen
./Gnalen/Gnalen (3).jpg,Gnalen
./Naprocsen/Naprocsen (22).jpg,Naprocsen
./HavenU/HavenU (14).jpg,HavenU
./Pieon/Pieon (5).jpg,Pieon
./Bearoze/Bearoze (13).jpg,Bearoze
./MayQueen/MayQueen (3).jpg,MayQueen
./Socncool/Socncool (9).jpg,Socncool
./Ropeberon/Ropeberon (13).jpg,Ropeberon
./Bearoze/Bearoze (20).jpg,Bearoze
./Diarofen/Diarofen (1).jpg,Diarofen
./Pamecone/Pamecone (23).jpg,Pamecone
./Qzime/Qzime (10).jpg,Qzime
./Qzime/Qzime (4).jpg,Qzime
./HavenU/HavenU (9).jpg,HavenU
./Iveda/Iveda (19).jpg,Iveda
./Pieon/Pieon (14).jpg,Pieon
./Gnalen/Gnalen (7).jpg,Gnalen
./Benfobel/Benfobel (6).jpg,Benfobel
./Krabutin/Krabutin (15).jpg,Krabutin
./Krabutin/Krabutin (25).jpg,Krabutin
./Bearoze/Bearoze (2).jpg,Bearoze
./Socncool/Socncool (11).jpg,Socncool
./Cleardin/Cleardin (20).jpg,Cleardin
./Qzime/Qzime (18).jpg,Qzime
./Anacsen/Anacsen (2).jpg,Anacsen
./Diarofen/Diarofen (19).jpg,Diarofen
./OmecopeS/OmecopeS (14).jpg,OmecopeS
./Ropeberon/Ropeberon (11).jpg,Ropeberon
./Tanasen/Tanasen (6).jpg,Tanasen
./Jungrohwan/Jungrohwan (17).jpg,Jungrohwan
./Qzime/Qzime (22).jpg,Qzime
./Krabutin/Krabutin (12).jpg,Krabutin
./HavenU/HavenU (2).jpg,HavenU
./Tanasen/Tanasen (1).jpg,Tanasen
./OmecopeS/OmecopeS (1).jpg,OmecopeS
./Hetomasin/Hetomasin (7).jpg,Hetomasin
./Pieon/Pieon (3).jpg,Pieon
./Tanasen/Tanasen (13).jpg,Tanasen
./Naprocsen/Naprocsen (1).jpg,Naprocsen
./Pieon/Pieon (10).jpg,Pieon
./HavenU/HavenU (21).jpg,HavenU
./Anacsen/Anacsen (7).jpg,Anacsen
./Iveda/Iveda (8).jpg,Iveda
./HavenU/HavenU (7).jpg,HavenU
./Benfobel/Benfobel (18).jpg,Benfobel
./Diarofen/Diarofen (5).jpg,Diarofen
./Qzime/Qzime (1).jpg,Qzime
./Jungrohwan/Jungrohwan (21).jpg,Jungrohwan
./Anacsen/Anacsen (11).jpg,Anacsen
./Diarofen/Diarofen (22).jpg,Diarofen
./Iveda/Iveda (5).jpg,Iveda
./Hetomasin/Hetomasin (14).jpg,Hetomasin
./Pieon/Pieon (24).jpg,Pieon
./Cospen/Cospen (10).jpg,Cospen
./Tanasen/Tanasen (7).jpg,Tanasen
./Gnalen/Gnalen (5).jpg,Gnalen
./Bearoze/Bearoze (15).jpg,Bearoze
./HavenU/HavenU (12).jpg,HavenU
./Krabutin/Krabutin (9).jpg,Krabutin
./Krabutin/Krabutin (22).jpg,Krabutin
./Krabutin/Krabutin (1).jpg,Krabutin
./Jungrohwan/Jungrohwan (22).jpg,Jungrohwan
./Pieon/Pieon (22).jpg,Pieon
./Diarofen/Diarofen (3).jpg,Diarofen
./Cospen/Cospen (22).jpg,Cospen
./Tanasen/Tanasen (19).jpg,Tanasen
./OmecopeS/OmecopeS (19).jpg,OmecopeS
./Krabutin/Krabutin (24).jpg,Krabutin
./Naprocsen/Naprocsen (12).jpg,Naprocsen
./OmecopeS/OmecopeS (15).jpg,OmecopeS
./Pamecone/Pamecone (2).jpg,Pamecone
./Naprocsen/Naprocsen (25).jpg,Naprocsen
./Cleardin/Cleardin (5).jpg,Cleardin
./Cleardin/Cleardin (24).jpg,Cleardin
./Pieon/Pieon (4).jpg,Pieon
./MayQueen/MayQueen (4).jpg,MayQueen
./OmecopeS/OmecopeS (16).jpg,OmecopeS
./Hipen/Hipen (16).jpg,Hipen
./Pamecone/Pamecone (11).jpg,Pamecone
./Hetomasin/Hetomasin (23).jpg,Hetomasin
./Socncool/Socncool (5).jpg,Socncool
./Ropeberon/Ropeberon (19).jpg,Ropeberon
./Pieon/Pieon (8).jpg,Pieon
./OmecopeS/OmecopeS (3).jpg,OmecopeS
./Iveda/Iveda (18).jpg,Iveda
./Bearoze/Bearoze (3).jpg,Bearoze
./Qzime/Qzime (17).jpg,Qzime
./Gnalen/Gnalen (20).jpg,Gnalen
./Tanasen/Tanasen (9).jpg,Tanasen
./Pamecone/Pamecone (6).jpg,Pamecone
./Jungrohwan/Jungrohwan (25).jpg,Jungrohwan
./Iveda/Iveda (10).jpg,Iveda
./Jungrohwan/Jungrohwan (7).jpg,Jungrohwan
./Anacsen/Anacsen (23).jpg,Anacsen
./Benfobel/Benfobel (23).jpg,Benfobel
./Krabutin/Krabutin (11).jpg,Krabutin
./Diarofen/Diarofen (14).jpg,Diarofen
./Cospen/Cospen (1).jpg,Cospen
./Anacsen/Anacsen (4).jpg,Anacsen
./Ropeberon/Ropeberon (15).jpg,Ropeberon
./MayQueen/MayQueen (18).jpg,MayQueen
./Hetomasin/Hetomasin (17).jpg,Hetomasin
./Gnalen/Gnalen (1).jpg,Gnalen
./Anacsen/Anacsen (12).jpg,Anacsen
./Pamecone/Pamecone (7).jpg,Pamecone
./Naprocsen/Naprocsen (9).jpg,Naprocsen
./Krabutin/Krabutin (3).jpg,Krabutin
./Krabutin/Krabutin (10).jpg,Krabutin
./HavenU/HavenU (6).jpg,HavenU
./Iveda/Iveda (20).jpg,Iveda
./HavenU/HavenU (3).jpg,HavenU
./Jungrohwan/Jungrohwan (11).jpg,Jungrohwan
./Qzime/Qzime (24).jpg,Qzime
./Naprocsen/Naprocsen (10).jpg,Naprocsen
./Cleardin/Cleardin (15).jpg,Cleardin
./Gnalen/Gnalen (11).jpg,Gnalen
./HavenU/HavenU (5).jpg,HavenU
./Krabutin/Krabutin (19).jpg,Krabutin
./OmecopeS/OmecopeS (2).jpg,OmecopeS
./Socncool/Socncool (1).jpg,Socncool
./Jungrohwan/Jungrohwan (20).jpg,Jungrohwan
./Anacsen/Anacsen (5).jpg,Anacsen
./Qzime/Qzime (15).jpg,Qzime
./Socncool/Socncool (23).jpg,Socncool
./Cospen/Cospen (8).jpg,Cospen
./Hipen/Hipen (8).jpg,Hipen
./Hetomasin/Hetomasin (2).jpg,Hetomasin
./Tanasen/Tanasen (15).jpg,Tanasen
./Cospen/Cospen (23).jpg,Cospen
./Anacsen/Anacsen (16).jpg,Anacsen
./Gnalen/Gnalen (4).jpg,Gnalen
./Jungrohwan/Jungrohwan (5).jpg,Jungrohwan
./HavenU/HavenU (10).jpg,HavenU
./Hipen/Hipen (2).jpg,Hipen
./Cleardin/Cleardin (7).jpg,Cleardin
./MayQueen/MayQueen (10).jpg,MayQueen
./Gnalen/Gnalen (21).jpg,Gnalen
./Iveda/Iveda (9).jpg,Iveda
./Krabutin/Krabutin (6).jpg,Krabutin
./Anacsen/Anacsen (8).jpg,Anacsen
./Cleardin/Cleardin (13).jpg,Cleardin
./Ropeberon/Ropeberon (17).jpg,Ropeberon
./MayQueen/MayQueen (7).jpg,MayQueen
./Socncool/Socncool (10).jpg,Socncool
./Diarofen/Diarofen (2).jpg,Diarofen
./Socncool/Socncool (15).jpg,Socncool
./Krabutin/Krabutin (21).jpg,Krabutin
./Ropeberon/Ropeberon (3).jpg,Ropeberon
./Socncool/Socncool (16).jpg,Socncool
./Naprocsen/Naprocsen (17).jpg,Naprocsen
./OmecopeS/OmecopeS (11).jpg,OmecopeS
./Jungrohwan/Jungrohwan (2).jpg,Jungrohwan
./Benfobel/Benfobel (4).jpg,Benfobel
./OmecopeS/OmecopeS (21).jpg,OmecopeS
./Benfobel/Benfobel (14).jpg,Benfobel
./Iveda/Iveda (23).jpg,Iveda
./Hetomasin/Hetomasin (9).jpg,Hetomasin
./Hetomasin/Hetomasin (20).jpg,Hetomasin
./Krabutin/Krabutin (2).jpg,Krabutin
./Socncool/Socncool (25).jpg,Socncool
./MayQueen/MayQueen (22).jpg,MayQueen
./Ropeberon/Ropeberon (20).jpg,Ropeberon
./Bearoze/Bearoze (10).jpg,Bearoze
./Tanasen/Tanasen (16).jpg,Tanasen
./Hipen/Hipen (18).jpg,Hipen
./Pieon/Pieon (1).jpg,Pieon
./Socncool/Socncool (20).jpg,Socncool
./Naprocsen/Naprocsen (15).jpg,Naprocsen
./Hipen/Hipen (17).jpg,Hipen
./Bearoze/Bearoze (7).jpg,Bearoze
./Bearoze/Bearoze (1).jpg,Bearoze
./Pamecone/Pamecone (13).jpg,Pamecone
./Gnalen/Gnalen (6).jpg,Gnalen
./Socncool/Socncool (3).jpg,Socncool
./Diarofen/Diarofen (16).jpg,Diarofen
./Jungrohwan/Jungrohwan (6).jpg,Jungrohwan
./OmecopeS/OmecopeS (6).jpg,OmecopeS
./Hetomasin/Hetomasin (5).jpg,Hetomasin
./Benfobel/Benfobel (13).jpg,Benfobel
./OmecopeS/OmecopeS (4).jpg,OmecopeS
./Cospen/Cospen (12).jpg,Cospen
./Diarofen/Diarofen (6).jpg,Diarofen
./Hipen/Hipen (22).jpg,Hipen
./MayQueen/MayQueen (12).jpg,MayQueen
./Anacsen/Anacsen (1).jpg,Anacsen
./Jungrohwan/Jungrohwan (4).jpg,Jungrohwan
./Cospen/Cospen (2).jpg,Cospen
./Pamecone/Pamecone (19).jpg,Pamecone
./Cospen/Cospen (7).jpg,Cospen
./Qzime/Qzime (21).jpg,Qzime
./Hetomasin/Hetomasin (22).jpg,Hetomasin
./Anacsen/Anacsen (13).jpg,Anacsen
./Cospen/Cospen (17).jpg,Cospen
./Jungrohwan/Jungrohwan (24).jpg,Jungrohwan
./Socncool/Socncool (18).jpg,Socncool
./Benfobel/Benfobel (20).jpg,Benfobel
./Pieon/Pieon (21).jpg,Pieon
./Naprocsen/Naprocsen (7).jpg,Naprocsen
./Ropeberon/Ropeberon (23).jpg,Ropeberon
./Benfobel/Benfobel (8).jpg,Benfobel
./Tanasen/Tanasen (25).jpg,Tanasen
./Cleardin/Cleardin (4).jpg,Cleardin
./Hipen/Hipen (21).jpg,Hipen
./Socncool/Socncool (6).jpg,Socncool
./Pamecone/Pamecone (17).jpg,Pamecone
./Benfobel/Benfobel (16).jpg,Benfobel
./Pamecone/Pamecone (8).jpg,Pamecone
./Qzime/Qzime (13).jpg,Qzime
./Naprocsen/Naprocsen (21).jpg,Naprocsen
./Naprocsen/Naprocsen (19).jpg,Naprocsen
./Iveda/Iveda (25).jpg,Iveda
./Naprocsen/Naprocsen (8).jpg,Naprocsen
./Naprocsen/Naprocsen (18).jpg,Naprocsen
./Iveda/Iveda (17).jpg,Iveda
./Pieon/Pieon (11).jpg,Pieon
./MayQueen/MayQueen (15).jpg,MayQueen
./Anacsen/Anacsen (15).jpg,Anacsen
./Qzime/Qzime (2).jpg,Qzime
./Diarofen/Diarofen (10).jpg,Diarofen
./Ropeberon/Ropeberon (12).jpg,Ropeberon
./Ropeberon/Ropeberon (21).jpg,Ropeberon
./Bearoze/Bearoze (5).jpg,Bearoze
./Cleardin/Cleardin (22).jpg,Cleardin
./Tanasen/Tanasen (14).jpg,Tanasen
./Benfobel/Benfobel (10).jpg,Benfobel
./Iveda/Iveda (16).jpg,Iveda
./Krabutin/Krabutin (17).jpg,Krabutin
./Hipen/Hipen (24).jpg,Hipen
./Gnalen/Gnalen (25).jpg,Gnalen
./Tanasen/Tanasen (5).jpg,Tanasen
./Pieon/Pieon (16).jpg,Pieon
./Iveda/Iveda (4).jpg,Iveda
./Bearoze/Bearoze (17).jpg,Bearoze
./Ropeberon/Ropeberon (22).jpg,Ropeberon
./Socncool/Socncool (17).jpg,Socncool
./Jungrohwan/Jungrohwan (9).jpg,Jungrohwan
./Cleardin/Cleardin (16).jpg,Cleardin
./Hipen/Hipen (11).jpg,Hipen
./Hipen/Hipen (7).jpg,Hipen
./Bearoze/Bearoze (25).jpg,Bearoze
./Qzime/Qzime (20).jpg,Qzime
./Hetomasin/Hetomasin (3).jpg,Hetomasin
./Iveda/Iveda (2).jpg,Iveda
./Tanasen/Tanasen (20).jpg,Tanasen
./Cleardin/Cleardin (8).jpg,Cleardin
./Iveda/Iveda (11).jpg,Iveda
./Cospen/Cospen (15).jpg,Cospen
./Benfobel/Benfobel (12).jpg,Benfobel
./Hipen/Hipen (23).jpg,Hipen
./Bearoze/Bearoze (16).jpg,Bearoze
./Anacsen/Anacsen (14).jpg,Anacsen
./Benfobel/Benfobel (11).jpg,Benfobel
./Cleardin/Cleardin (6).jpg,Cleardin
./Pieon/Pieon (9).jpg,Pieon
./Anacsen/Anacsen (20).jpg,Anacsen
./MayQueen/MayQueen (6).jpg,MayQueen
./HavenU/HavenU (8).jpg,HavenU
./Ropeberon/Ropeberon (9).jpg,Ropeberon
./Naprocsen/Naprocsen (3).jpg,Naprocsen
./Diarofen/Diarofen (12).jpg,Diarofen
./Pieon/Pieon (7).jpg,Pieon
./Pamecone/Pamecone (22).jpg,Pamecone
./HavenU/HavenU (11).jpg,HavenU
./Benfobel/Benfobel (21).jpg,Benfobel
./Iveda/Iveda (3).jpg,Iveda
./MayQueen/MayQueen (11).jpg,MayQueen
./Anacsen/Anacsen (21).jpg,Anacsen
./Cleardin/Cleardin (21).jpg,Cleardin
./Benfobel/Benfobel (5).jpg,Benfobel
./Naprocsen/Naprocsen (24).jpg,Naprocsen
./Cleardin/Cleardin (18).jpg,Cleardin
./Krabutin/Krabutin (18).jpg,Krabutin
./Qzime/Qzime (6).jpg,Qzime
./Pieon/Pieon (15).jpg,Pieon
./MayQueen/MayQueen (5).jpg,MayQueen
./Cospen/Cospen (20).jpg,Cospen
./Diarofen/Diarofen (17).jpg,Diarofen
./Hetomasin/Hetomasin (15).jpg,Hetomasin
./Tanasen/Tanasen (11).jpg,Tanasen
./Benfobel/Benfobel (24).jpg,Benfobel
./Tanasen/Tanasen (22).jpg,Tanasen
./Ropeberon/Ropeberon (1).jpg,Ropeberon
./Hipen/Hipen (15).jpg,Hipen
./MayQueen/MayQueen (23).jpg,MayQueen
./Naprocsen/Naprocsen (13).jpg,Naprocsen
./Qzime/Qzime (19).jpg,Qzime
./Socncool/Socncool (7).jpg,Socncool
./Hipen/Hipen (6).jpg,Hipen
./Hipen/Hipen (5).jpg,Hipen
./Anacsen/Anacsen (24).jpg,Anacsen
./Pamecone/Pamecone (14).jpg,Pamecone
./Iveda/Iveda (12).jpg,Iveda
./Iveda/Iveda (14).jpg,Iveda
./Hetomasin/Hetomasin (16).jpg,Hetomasin
./Socncool/Socncool (8).jpg,Socncool
./Ropeberon/Ropeberon (5).jpg,Ropeberon
./Socncool/Socncool (19).jpg,Socncool
./Hetomasin/Hetomasin (8).jpg,Hetomasin
./Ropeberon/Ropeberon (8).jpg,Ropeberon
./MayQueen/MayQueen (13).jpg,MayQueen
./Socncool/Socncool (4).jpg,Socncool
./Pamecone/Pamecone (10).jpg,Pamecone
./Benfobel/Benfobel (1).jpg,Benfobel
./Tanasen/Tanasen (17).jpg,Tanasen
./Pamecone/Pamecone (12).jpg,Pamecone
./Cospen/Cospen (16).jpg,Cospen
./Tanasen/Tanasen (3).jpg,Tanasen
./Benfobel/Benfobel (7).jpg,Benfobel
./Cleardin/Cleardin (3).jpg,Cleardin
./Pieon/Pieon (25).jpg,Pieon
./Benfobel/Benfobel (19).jpg,Benfobel
./Hetomasin/Hetomasin (24).jpg,Hetomasin
./Pieon/Pieon (20).jpg,Pieon
./Gnalen/Gnalen (8).jpg,Gnalen
./OmecopeS/OmecopeS (20).jpg,OmecopeS
./Krabutin/Krabutin (5).jpg,Krabutin
./MayQueen/MayQueen (17).jpg,MayQueen
./Cospen/Cospen (19).jpg,Cospen
./HavenU/HavenU (16).jpg,HavenU
./Gnalen/Gnalen (2).jpg,Gnalen
./Ropeberon/Ropeberon (14).jpg,Ropeberon
./Cleardin/Cleardin (10).jpg,Cleardin
./OmecopeS/OmecopeS (25).jpg,OmecopeS
./Socncool/Socncool (14).jpg,Socncool
./Pamecone/Pamecone (4).jpg,Pamecone
./Hipen/Hipen (1).jpg,Hipen
./Gnalen/Gnalen (17).jpg,Gnalen
./Jungrohwan/Jungrohwan (14).jpg,Jungrohwan
./Jungrohwan/Jungrohwan (23).jpg,Jungrohwan
./Gnalen/Gnalen (12).jpg,Gnalen
./Bearoze/Bearoze (12).jpg,Bearoze
./Socncool/Socncool (21).jpg,Socncool
./Hetomasin/Hetomasin (12).jpg,Hetomasin
./Iveda/Iveda (24).jpg,Iveda
./Qzime/Qzime (8).jpg,Qzime
./Qzime/Qzime (23).jpg,Qzime
./Anacsen/Anacsen (10).jpg,Anacsen
./Jungrohwan/Jungrohwan (16).jpg,Jungrohwan
./Hetomasin/Hetomasin (10).jpg,Hetomasin
./Bearoze/Bearoze (19).jpg,Bearoze
./Diarofen/Diarofen (11).jpg,Diarofen
./HavenU/HavenU (19).jpg,HavenU
./Benfobel/Benfobel (3).jpg,Benfobel
./Hipen/Hipen (25).jpg,Hipen
./Qzime/Qzime (7).jpg,Qzime
./Tanasen/Tanasen (23).jpg,Tanasen
./Krabutin/Krabutin (20).jpg,Krabutin
./Anacsen/Anacsen (6).jpg,Anacsen
./Bearoze/Bearoze (9).jpg,Bearoze
./Diarofen/Diarofen (7).jpg,Diarofen
./Anacsen/Anacsen (3).jpg,Anacsen
./Ropeberon/Ropeberon (4).jpg,Ropeberon
./HavenU/HavenU (18).jpg,HavenU
./Cospen/Cospen (11).jpg,Cospen
./MayQueen/MayQueen (2).jpg,MayQueen
./Hetomasin/Hetomasin (19).jpg,Hetomasin
./Naprocsen/Naprocsen (6).jpg,Naprocsen
./Hipen/Hipen (19).jpg,Hipen
./Bearoze/Bearoze (22).jpg,Bearoze
./Anacsen/Anacsen (22).jpg,Anacsen
./Diarofen/Diarofen (13).jpg,Diarofen
./Cleardin/Cleardin (1).jpg,Cleardin
./Cospen/Cospen (9).jpg,Cospen
./OmecopeS/OmecopeS (7).jpg,OmecopeS
./OmecopeS/OmecopeS (23).jpg,OmecopeS
./Hipen/Hipen (10).jpg,Hipen
./Hipen/Hipen (12).jpg,Hipen
./Pieon/Pieon (13).jpg,Pieon
./Pieon/Pieon (2).jpg,Pieon
./Bearoze/Bearoze (8).jpg,Bearoze
./MayQueen/MayQueen (19).jpg,MayQueen
./Pieon/Pieon (19).jpg,Pieon
./Cleardin/Cleardin (14).jpg,Cleardin
./Cleardin/Cleardin (9).jpg,Cleardin
./Tanasen/Tanasen (10).jpg,Tanasen
./OmecopeS/OmecopeS (22).jpg,OmecopeS
./OmecopeS/OmecopeS (8).jpg,OmecopeS
./Diarofen/Diarofen (15).jpg,Diarofen
./Cospen/Cospen (25).jpg,Cospen
./Bearoze/Bearoze (6).jpg,Bearoze
./HavenU/HavenU (24).jpg,HavenU
./HavenU/HavenU (4).jpg,HavenU
./Qzime/Qzime (11).jpg,Qzime
./Gnalen/Gnalen (9).jpg,Gnalen
./Pamecone/Pamecone (16).jpg,Pamecone
./HavenU/HavenU (17).jpg,HavenU
./Krabutin/Krabutin (16).jpg,Krabutin
./Hetomasin/Hetomasin (6).jpg,Hetomasin
./Iveda/Iveda (15).jpg,Iveda
./Cospen/Cospen (21).jpg,Cospen
./Pamecone/Pamecone (9).jpg,Pamecone
./Cleardin/Cleardin (23).jpg,Cleardin
./Iveda/Iveda (13).jpg,Iveda
./Krabutin/Krabutin (8).jpg,Krabutin
./Bearoze/Bearoze (18).jpg,Bearoze
./Naprocsen/Naprocsen (14).jpg,Naprocsen
./Gnalen/Gnalen (19).jpg,Gnalen
./OmecopeS/OmecopeS (17).jpg,OmecopeS
./Naprocsen/Naprocsen (5).jpg,Naprocsen
./Benfobel/Benfobel (17).jpg,Benfobel
./Pamecone/Pamecone (18).jpg,Pamecone
./Pamecone/Pamecone (25).jpg,Pamecone
./MayQueen/MayQueen (16).jpg,MayQueen
./Tanasen/Tanasen (4).jpg,Tanasen
./Cospen/Cospen (18).jpg,Cospen
./Pieon/Pieon (6).jpg,Pieon
./Qzime/Qzime (25).jpg,Qzime
./HavenU/HavenU (13).jpg,HavenU
./Diarofen/Diarofen (24).jpg,Diarofen
./Pieon/Pieon (23).jpg,Pieon
./OmecopeS/OmecopeS (10).jpg,OmecopeS
./Hetomasin/Hetomasin (25).jpg,Hetomasin
./MayQueen/MayQueen (9).jpg,MayQueen
./Diarofen/Diarofen (23).jpg,Diarofen
./Cospen/Cospen (4).jpg,Cospen
./Tanasen/Tanasen (12).jpg,Tanasen
./OmecopeS/OmecopeS (18).jpg,OmecopeS
./Cleardin/Cleardin (17).jpg,Cleardin
./Pieon/Pieon (17).jpg,Pieon
./Pamecone/Pamecone (20).jpg,Pamecone
./Diarofen/Diarofen (25).jpg,Diarofen
./Gnalen/Gnalen (23).jpg,Gnalen
./HavenU/HavenU (23).jpg,HavenU
./MayQueen/MayQueen (21).jpg,MayQueen
./MayQueen/MayQueen (24).jpg,MayQueen
./Cospen/Cospen (6).jpg,Cospen
./Cleardin/Cleardin (11).jpg,Cleardin
./Diarofen/Diarofen (21).jpg,Diarofen
./Ropeberon/Ropeberon (2).jpg,Ropeberon
./Gnalen/Gnalen (14).jpg,Gnalen
./Jungrohwan/Jungrohwan (12).jpg,Jungrohwan
./Benfobel/Benfobel (2).jpg,Benfobel
./Ropeberon/Ropeberon (7).jpg,Ropeberon
./Iveda/Iveda (22).jpg,Iveda
./Naprocsen/Naprocsen (16).jpg,Naprocsen
./HavenU/HavenU (20).jpg,HavenU
./Iveda/Iveda (21).jpg,Iveda
./Pamecone/Pamecone (15).jpg,Pamecone
./Gnalen/Gnalen (16).jpg,Gnalen
./Cospen/Cospen (3).jpg,Cospen
./Cleardin/Cleardin (2).jpg,Cleardin
./Naprocsen/Naprocsen (11).jpg,Naprocsen
./Gnalen/Gnalen (22).jpg,Gnalen
./Gnalen/Gnalen (18).jpg,Gnalen
./Diarofen/Diarofen (9).jpg,Diarofen
./MayQueen/MayQueen (20).jpg,MayQueen
./Diarofen/Diarofen (20).jpg,Diarofen
./Hetomasin/Hetomasin (1).jpg,Hetomasin
./Pieon/Pieon (12).jpg,Pieon
./Cospen/Cospen (13).jpg,Cospen
./Pamecone/Pamecone (5).jpg,Pamecone
